row_index,feat1_name,feat1_shap,feat1_value,feat2_name,feat2_shap,feat2_value,feat3_name,feat3_shap,feat3_value,feat4_name,feat4_shap,feat4_value,feat5_name,feat5_shap,feat5_value
377,koi_fpflag_ss,0.13565341001548742,0.0,koi_fpflag_co,0.08755498585770516,0.0,koi_score,0.0496608716817548,0.945,koi_impact,0.024912863244315374,0.077,koi_prad,0.02427895888150164,1.67
836,koi_fpflag_ss,-0.2958656483559112,1.0,koi_fpflag_co,-0.16959591847617622,1.0,koi_score,-0.06448688347390376,0.0,koi_prad,-0.035182740647294944,22.58,koi_impact,-0.0268581689312674,1.214
528,koi_fpflag_nt,-0.48338213024009197,1.0,koi_score,-0.1712230385389862,,koi_fpflag_ss,0.1037625224887255,0.0,koi_impact,-0.05528415651910095,,koi_time0bk,0.04636279022418167,145.83537
958,koi_fpflag_ss,-0.5251142591863917,1.0,koi_score,-0.06362681032986459,0.0,koi_impact,-0.048895621049337125,0.926,koi_prad,-0.03378212776531541,16.89,koi_fpflag_co,0.031379467734958796,0.0
33,koi_fpflag_ss,0.16969637488320385,0.0,koi_fpflag_co,0.06491651721598532,0.0,koi_impact,0.05662111255231709,0.105,koi_score,0.04320885031425726,1.0,koi_fpflag_nt,0.015299469106918854,0.0
566,koi_fpflag_ss,0.21947552820864824,0.0,koi_fpflag_co,0.045772692440484465,0.0,koi_score,0.03806548370938553,1.0,koi_fpflag_nt,0.018222558470705804,0.0,koi_prad,0.014881807859400695,4.18
251,koi_fpflag_ss,0.2151898517551716,0.0,koi_fpflag_co,0.07208951160570695,0.0,koi_score,0.04374425640769443,1.0,koi_fpflag_nt,0.02090557103339396,0.0,koi_prad,0.009115505731156746,1.18
182,koi_fpflag_ss,0.18891583391941227,0.0,koi_fpflag_co,0.06663329301246934,0.0,koi_score,0.061272973172200644,1.0,koi_fpflag_nt,0.014890232368605677,0.0,koi_impact,0.013651633699356683,0.383
460,koi_fpflag_ss,-0.312575563563784,1.0,koi_fpflag_co,-0.18887292344720658,1.0,koi_score,-0.05727094945421874,0.0,koi_impact,-0.02882235267125513,1.25,koi_prad,-0.026739410404373217,24.6
76,koi_fpflag_ss,0.15449736621604934,0.0,koi_fpflag_co,0.06597729446681612,0.0,koi_score,0.052381636106710774,1.0,koi_impact,0.04274358589167921,0.022,koi_prad,0.01653093452087181,2.59
333,koi_fpflag_ss,0.2293579418902336,0.0,koi_fpflag_co,0.05431825317258153,0.0,koi_score,0.0303617437711964,1.0,koi_fpflag_nt,0.019655513256422813,0.0,koi_prad,0.011734475039932234,7.67
906,koi_fpflag_nt,-0.5040333397323122,1.0,koi_score,-0.17301070715140912,,koi_fpflag_ss,0.09382726941126507,0.0,koi_prad,0.05612873602646066,0.72,koi_time0bk,-0.039872889394630864,134.3472
570,koi_fpflag_ss,0.20716397751557356,0.0,koi_fpflag_co,0.068166849632075,0.0,koi_score,0.04448026536352861,1.0,koi_fpflag_nt,0.017850310819455633,0.0,koi_period,0.010552929801288422,17.44486016
531,koi_fpflag_ss,0.14873709832623166,0.0,koi_score,0.08504668205108061,1.0,koi_fpflag_co,0.07174378916791956,0.0,koi_impact,0.025121849793344055,0.051,koi_prad,0.018643965893533482,1.65
984,koi_fpflag_ss,-0.2611645187612996,1.0,koi_fpflag_co,-0.2234932627878287,1.0,koi_score,-0.06532571381880453,0.0,koi_fpflag_ec,-0.023232156253769433,1.0,koi_prad,-0.022231846926234252,21.79
834,koi_fpflag_ss,0.22563563164947759,0.0,koi_fpflag_co,0.07885399845194192,0.0,koi_fpflag_nt,0.01747500076437041,0.0,koi_score,0.009967823243000265,0.991,koi_impact,0.00837975845054372,0.298
971,koi_fpflag_ss,0.18749275112568053,0.0,koi_fpflag_co,0.0732790226625459,0.0,koi_score,0.04841912992152063,1.0,koi_impact,0.028582037145499915,0.01,koi_fpflag_nt,0.019162542344928837,0.0
661,koi_fpflag_ss,-0.27792259238727735,1.0,koi_fpflag_co,-0.19554755567351445,1.0,koi_score,-0.12161679775920954,0.0,koi_impact,-0.02720879890632664,0.908,koi_fpflag_ec,-0.015797604756624523,1.0
48,koi_fpflag_ss,0.20773801523524899,0.0,koi_fpflag_co,0.06256083679865644,0.0,koi_score,0.05518739082714099,1.0,koi_fpflag_nt,0.01840551682271285,0.0,koi_impact,0.012021731346446293,0.405
743,koi_fpflag_ss,0.16570858898438495,0.0,koi_fpflag_co,0.07077593610691375,0.0,koi_impact,0.064695551744774,0.129,koi_fpflag_nt,0.017716558801557307,0.0,koi_time0bk,-0.015744084928075375,140.14063
706,koi_fpflag_ss,0.1485341411902756,0.0,koi_score,0.06876754194096432,1.0,koi_fpflag_co,0.061752610864283665,0.0,koi_impact,0.0363550358036946,0.073,koi_prad,0.02677620587140447,2.11
673,koi_fpflag_ss,0.23080820621950499,0.0,koi_fpflag_co,0.06704317261258598,0.0,koi_fpflag_nt,0.02124409503704811,0.0,koi_period,0.020596836384075685,205.912735,koi_insol,0.011864794847000164,1.85
343,koi_fpflag_ss,0.22401675802512583,0.0,koi_fpflag_co,0.07919274591113022,0.0,koi_score,0.018895044159921583,0.994,koi_fpflag_nt,0.014276849643834608,0.0,koi_insol,0.007504810184028475,53.09
630,koi_fpflag_ss,0.22117700202189058,0.0,koi_fpflag_co,0.06127994025743438,0.0,koi_score,0.040306565953290394,1.0,koi_fpflag_nt,0.0195182697112545,0.0,koi_impact,0.009957871608578587,0.494
131,koi_fpflag_ss,0.2234544252410239,0.0,koi_fpflag_co,0.07195371546023098,0.0,koi_score,0.040429619318069196,1.0,koi_fpflag_nt,0.013067978363521058,0.0,koi_period,0.008384727011374446,15.33528675
355,koi_fpflag_ss,0.20500076886331803,0.0,koi_fpflag_co,0.07299364262104233,0.0,koi_score,0.04707810321530135,1.0,koi_fpflag_nt,0.019613181504247852,0.0,koi_prad,0.014382223182743811,1.36
279,koi_fpflag_ss,-0.549103370553733,1.0,koi_score,-0.059038601597340645,0.0,koi_fpflag_co,0.03152790701582272,0.0,koi_prad,-0.030478179989718062,29.66,koi_time0bk,-0.016938074485603947,173.535933
201,koi_fpflag_ss,0.21793941688624177,0.0,koi_fpflag_co,0.07834350631219847,0.0,koi_prad,0.021162513368554934,1.55,koi_fpflag_nt,0.019249265889135444,0.0,koi_impact,0.016008021236030966,0.387
438,koi_fpflag_ss,0.17671661683501996,0.0,koi_fpflag_co,0.06182258582935516,0.0,koi_impact,0.039168086656176916,0.037,koi_score,0.025842024225626755,0.848,koi_fpflag_nt,0.017873543313535162,0.0
608,koi_fpflag_ss,0.16040059227567677,0.0,koi_fpflag_co,0.07992980324280914,0.0,koi_score,0.07246790575927305,1.0,koi_impact,0.026394906338086853,0.045,koi_fpflag_nt,0.01800413758246484,0.0
66,koi_fpflag_ss,0.20207841878216065,0.0,koi_fpflag_co,0.07753391141832888,0.0,koi_score,0.04287693479086242,1.0,koi_fpflag_nt,0.017393011833065786,0.0,koi_prad,0.007564966415680877,4.86
481,koi_fpflag_ss,0.17410227423453525,0.0,koi_score,0.07080232860123518,1.0,koi_fpflag_co,0.041960102952284285,0.0,koi_prad,0.019853716254537298,2.54,koi_fpflag_nt,0.017596374499900404,0.0
447,koi_fpflag_ss,0.1536340352869939,0.0,koi_fpflag_co,0.07999124759731227,0.0,koi_score,0.06339795958338672,1.0,koi_impact,0.024346961826670493,0.02,koi_time0bk,0.02157085574239681,124.061465
140,koi_fpflag_ss,0.13116646902506937,0.0,koi_fpflag_co,0.0705211589231007,0.0,koi_score,0.06296570820019845,1.0,koi_insol,0.03450737833859013,1718.04,koi_fpflag_nt,0.01841150849484218,0.0
913,koi_fpflag_ss,0.22316758369587264,0.0,koi_fpflag_co,0.08635187900195018,0.0,koi_score,0.035085814860199724,1.0,koi_fpflag_nt,0.020919428878869557,0.0,koi_time0bk,-0.008872919914384892,139.71389
27,koi_fpflag_ss,0.2201054840225893,0.0,koi_fpflag_co,0.0650371798084612,0.0,koi_score,0.04419481009915814,1.0,koi_impact,0.01828077185056265,0.424,koi_fpflag_nt,0.016905401068336382,0.0
317,koi_fpflag_ss,0.1574761692316318,0.0,koi_score,0.06594202816882262,1.0,koi_fpflag_co,0.05763606055490663,0.0,koi_impact,0.03501024451686459,0.068,koi_fpflag_nt,0.01487305516932076,0.0
697,koi_fpflag_ss,-0.29368335447830596,1.0,koi_fpflag_co,-0.1698930968702206,1.0,koi_score,-0.13656621171288777,0.0,koi_fpflag_ec,-0.02246413385642997,1.0,koi_impact,-0.01737887802352287,0.506
68,koi_fpflag_ss,0.2231794212173035,0.0,koi_fpflag_co,0.07931666318099306,0.0,koi_score,0.03151019389798359,1.0,koi_fpflag_nt,0.018863354417540074,0.0,koi_prad,0.00864222010623857,1.91
928,koi_fpflag_ss,0.2201699407513327,0.0,koi_fpflag_co,0.06300970429749762,0.0,koi_score,0.03251740523147527,0.999,koi_fpflag_nt,0.02076774214035009,0.0,koi_period,0.012094241748050396,37.8145252
895,koi_fpflag_ss,0.20837228568488378,0.0,koi_fpflag_co,0.0912233457981462,0.0,koi_impact,0.0178245245996061,0.048,koi_score,0.017064090555531892,0.989,koi_fpflag_nt,0.01684931592727649,0.0
690,koi_fpflag_ss,0.2096737151812051,0.0,koi_fpflag_co,0.05116860316874315,0.0,koi_score,0.042425073169080056,1.0,koi_impact,0.02089790033312657,0.301,koi_prad,0.01722829744655274,2.13
866,koi_fpflag_ss,0.15627127399747068,0.0,koi_fpflag_co,0.05220724063333959,0.0,koi_impact,0.040963357983664204,0.143,koi_score,0.02911277288466944,,koi_period,0.01659765297805617,700.00298217
235,koi_fpflag_ss,0.22975737503544075,0.0,koi_fpflag_co,0.0965637519684054,0.0,koi_fpflag_nt,0.019602961151459403,0.0,koi_impact,0.010216894089918497,0.008,koi_insol,0.005115975331075788,244.3
369,koi_fpflag_ss,-0.4402050973467159,1.0,koi_impact,-0.11421122037403657,1.203,koi_score,0.0683950918265827,1.0,koi_prad,-0.06377023555762565,430.99,koi_insol,0.04749730714878637,136609.48
52,koi_fpflag_ss,0.21528571221205425,0.0,koi_fpflag_co,0.07175278605397198,0.0,koi_score,0.04066555258603245,1.0,koi_fpflag_nt,0.016611625333393654,0.0,koi_prad,0.012435036866537396,1.79
277,koi_fpflag_ss,-0.5695333852917923,1.0,koi_score,-0.05000900023805358,0.0,koi_impact,-0.04418699470061161,0.985,koi_fpflag_co,0.030891084265544138,0.0,koi_fpflag_nt,0.009921235576190821,0.0
496,koi_fpflag_ss,0.23277404768516838,0.0,koi_fpflag_co,0.09244072077843987,0.0,koi_fpflag_nt,0.018417202422565514,0.0,koi_insol,0.006011743782881436,70.5,koi_score,0.004729649083103161,0.985
854,koi_fpflag_ss,0.22550182821212814,0.0,koi_score,0.058775553369560876,1.0,koi_fpflag_co,0.047571309770085966,0.0,koi_fpflag_nt,0.015215923314087023,0.0,koi_impact,0.010956849463941602,0.416
627,koi_fpflag_ss,0.20394443705853815,0.0,koi_fpflag_co,0.05895796280893811,0.0,koi_score,0.04250729594015628,0.999,koi_impact,0.030797987784120386,0.034,koi_fpflag_nt,0.018925149722657512,0.0
807,koi_fpflag_ss,0.23064663645511807,0.0,koi_fpflag_co,0.08675609089927985,0.0,koi_fpflag_nt,0.015461880011340903,0.0,koi_insol,0.006441650968760517,2.52,koi_score,0.006390281537280991,0.996
506,koi_fpflag_co,-0.5403839768565694,1.0,koi_score,-0.11732442892688479,0.0,koi_fpflag_ss,0.09344667360466544,0.0,koi_fpflag_ec,-0.04143508637062099,1.0,koi_period,-0.029381196544400474,1.09206833
510,koi_fpflag_co,-0.48554685820564597,1.0,koi_fpflag_ss,0.08883803374286288,0.0,koi_score,-0.06755483638789601,0.964,koi_prad,-0.05868571032131729,18.66,koi_insol,-0.045640945725818734,11675.38
98,koi_fpflag_ss,0.23017862535202832,0.0,koi_fpflag_co,0.09633280329043277,0.0,koi_fpflag_nt,0.021011388746938288,0.0,koi_score,0.007446288042329068,0.745,koi_insol,0.006651612556361196,6.77
392,koi_fpflag_ss,0.21502294929740032,0.0,koi_fpflag_co,0.08386672758326831,0.0,koi_score,-0.05517423002354367,,koi_time0bk,0.04805805393037882,266.04847,koi_impact,-0.032813497841956835,0.9848
57,koi_fpflag_ss,0.22344793325754106,0.0,koi_fpflag_co,0.078001195446093,0.0,koi_score,0.03703505279077739,1.0,koi_fpflag_nt,0.017335944911416944,0.0,koi_prad,0.006348497608259522,6.02
669,koi_fpflag_ss,0.21029108468834057,0.0,koi_fpflag_co,0.08985599730975104,0.0,koi_fpflag_nt,0.01677427012722473,0.0,koi_score,0.016681726712816442,0.907,koi_time0bk,0.010801857442331376,124.99266
13,koi_fpflag_ss,0.12847621501636158,0.0,koi_score,0.08557550282241622,1.0,koi_fpflag_co,0.07391131409870551,0.0,koi_impact,0.04355969342987524,0.051,koi_fpflag_nt,0.017796771414182296,0.0
643,koi_fpflag_nt,-0.34490072492927276,1.0,koi_fpflag_co,-0.200563496799215,1.0,koi_fpflag_ec,-0.0691668168437166,1.0,koi_fpflag_ss,0.06849102484207789,0.0,koi_score,-0.04233176833553465,0.0
961,koi_fpflag_nt,-0.39290860138604866,1.0,koi_score,-0.10443209026315804,,koi_fpflag_ss,0.08878862999306632,0.0,koi_time0bk,-0.0765662900321592,133.2965754,koi_period,-0.07247647951139076,0.76973817
604,koi_fpflag_co,-0.5811902365818512,1.0,koi_fpflag_ss,0.09805977684592611,0.0,koi_score,-0.08254630112791964,0.0,koi_fpflag_ec,-0.052442319682480545,1.0,koi_kepmag,-0.009621636488374812,15.403
909,koi_fpflag_ss,0.13932273758891472,0.0,koi_score,0.07376327935709921,1.0,koi_fpflag_co,0.06093003157092813,0.0,koi_impact,0.03340966741269338,0.01,koi_fpflag_nt,0.01770518143527807,0.0
49,koi_fpflag_ss,0.18715993949037749,0.0,koi_fpflag_co,0.06326797934295063,0.0,koi_score,0.05368377807900132,1.0,koi_fpflag_nt,0.02027155516945101,0.0,koi_prad,0.011611390858253603,3.95
790,koi_fpflag_ss,-0.5671210807258027,1.0,koi_impact,-0.043407306140148795,0.988,koi_fpflag_co,0.03115897466779902,0.0,koi_prad,-0.02307080615375123,24.02,koi_score,-0.014916973053571548,0.0
120,koi_fpflag_ss,0.22590461776301177,0.0,koi_fpflag_co,0.08943006795208137,0.0,koi_fpflag_nt,0.012842247774801715,0.0,koi_impact,0.010413965623870524,0.173,koi_score,0.00885620696561361,0.992
611,koi_fpflag_ss,0.22163148882725645,0.0,koi_fpflag_co,0.06255032926309863,0.0,koi_score,0.04209380697991409,1.0,koi_fpflag_nt,0.017664254624442776,0.0,koi_fpflag_ec,0.0076334388355769655,0.0
269,koi_fpflag_ss,0.15480838538285932,0.0,koi_score,0.07054313759621218,1.0,koi_fpflag_co,0.05851504063661507,0.0,koi_impact,0.04015874967323168,0.095,koi_fpflag_nt,0.016047783776108483,0.0
83,koi_fpflag_ss,-0.26709269485104137,1.0,koi_fpflag_co,-0.2404684879687141,1.0,koi_score,-0.03542492667313176,0.0,koi_insol,-0.024729377502451255,2706.26,koi_impact,-0.02351421292567213,1.258
266,koi_fpflag_ss,0.1664814744278326,0.0,koi_fpflag_co,0.06341316551056375,0.0,koi_score,0.0458827336431097,1.0,koi_impact,0.04147884919687004,0.061,koi_prad,0.018633306826985968,10.6
154,koi_fpflag_ss,0.178876742680947,0.0,koi_fpflag_co,0.08113016140292821,0.0,koi_score,0.054138253060784174,1.0,koi_prad,0.0212222834822476,2.19,koi_fpflag_nt,0.017338433289285218,0.0
722,koi_fpflag_ss,0.16068150556837968,0.0,koi_score,0.07541680359714588,1.0,koi_fpflag_co,0.054856342432814384,0.0,koi_impact,0.01948967382843902,0.296,koi_fpflag_nt,0.014475254326964837,0.0
62,koi_fpflag_ss,0.2292588832507132,0.0,koi_fpflag_co,0.09640868591471849,0.0,koi_fpflag_nt,0.0204018085327913,0.0,koi_insol,0.01587441525847009,68.63,koi_score,0.006823418059227875,0.993
746,koi_fpflag_ss,0.22025514955909894,0.0,koi_fpflag_co,0.081018684295626,0.0,koi_time0bk,0.05587399886416011,143.3787176,koi_score,-0.05190641663454059,,koi_fpflag_nt,0.01885883166499808,0.0
638,koi_fpflag_ss,-0.5401994983246043,1.0,koi_score,-0.0587008962003352,0.0,koi_fpflag_co,0.030818984710122167,0.0,koi_prad,-0.030722467445915703,23.76,koi_impact,-0.024939290501886587,0.842
305,koi_fpflag_ss,0.21747651045995875,0.0,koi_fpflag_co,0.07957929767073714,0.0,koi_impact,0.021891122851818583,0.081,koi_score,0.021106549653793875,0.953,koi_fpflag_nt,0.016252725882996283,0.0
99,koi_fpflag_ss,0.22581688998072297,0.0,koi_fpflag_co,0.07325066529814436,0.0,koi_period,0.03436557826166461,29.1598615,koi_score,-0.02316237991919532,,koi_fpflag_nt,0.019883308918919557,0.0
916,koi_fpflag_ss,0.14106098221492397,0.0,koi_score,0.08711810247937533,1.0,koi_fpflag_co,0.058849946400974136,0.0,koi_impact,0.03229572596624481,0.023,koi_fpflag_nt,0.011451570151126035,0.0
693,koi_fpflag_ss,0.23073707074218874,0.0,koi_fpflag_co,0.09695504747322456,0.0,koi_fpflag_nt,0.020808470652340236,0.0,koi_insol,0.008607829918083485,1.4,koi_score,0.005108038945712272,0.996
346,koi_fpflag_ss,0.18919027780570438,0.0,koi_fpflag_co,0.09476604492759862,0.0,koi_impact,0.026087178859404783,0.042,koi_fpflag_nt,0.018903846332057987,0.0,koi_score,0.009579117370197553,0.632
465,koi_fpflag_ss,-0.5949678153729242,1.0,koi_score,-0.04474286803762987,0.0,koi_fpflag_co,0.031035445107183295,0.0,koi_impact,-0.02238699165609027,1.004,koi_fpflag_nt,0.00840036371728165,0.0
724,koi_fpflag_ss,0.23251682221704087,0.0,koi_fpflag_co,0.08438032670162358,0.0,koi_fpflag_nt,0.018320238678455333,0.0,koi_score,0.006755036266838107,0.939,koi_insol,0.0064837521951365195,43.62
651,koi_fpflag_nt,-0.28454535756356525,1.0,koi_fpflag_co,-0.14478486417570377,1.0,koi_score,-0.12215411162235308,0.0,koi_period,-0.055820505683695905,0.445275074,koi_fpflag_ss,0.047818391631643545,0.0
237,koi_fpflag_ss,0.16852693690698844,0.0,koi_score,0.07592878470180235,1.0,koi_fpflag_co,0.04531751589096695,0.0,koi_impact,0.03284526348551923,0.043,koi_fpflag_nt,0.017912788674647063,0.0
211,koi_fpflag_ss,0.21602313042298735,0.0,koi_fpflag_co,0.060567144252287757,0.0,koi_score,0.04144599485016877,1.0,koi_fpflag_nt,0.021806585725956177,0.0,koi_prad,0.014937636951634624,1.78
500,koi_fpflag_ss,0.21984396691564223,0.0,koi_fpflag_co,0.06322223172657702,0.0,koi_period,0.034134085052666296,422.917678,koi_insol,0.023074588614548776,1.73,koi_fpflag_nt,0.01881082346469698,0.0
544,koi_fpflag_ss,-0.3850087927438989,1.0,koi_fpflag_co,-0.16543448318405465,1.0,koi_score,-0.06344423830145564,0.0,koi_period,0.019831332198787768,20.42720701,koi_fpflag_ec,-0.01704893809333863,1.0
151,koi_fpflag_ss,0.2297380001096115,0.0,koi_fpflag_co,0.09540929207322373,0.0,koi_fpflag_nt,0.01945891127584254,0.0,koi_insol,0.006773080610707345,372.62,koi_score,0.0062118768491375275,0.876
944,koi_fpflag_co,-0.2779987922900685,1.0,koi_fpflag_ss,0.14884925066177113,0.0,koi_score,0.1407914835917366,1.0,koi_srad,0.05852731738791977,1.178,koi_impact,-0.057698645122761114,0.957
648,koi_fpflag_ss,0.2252620719600615,0.0,koi_fpflag_co,0.08325900058753108,0.0,koi_score,0.036506474093834965,1.0,koi_fpflag_nt,0.01983505618523406,0.0,koi_time0bk,-0.008235867557210655,136.357253
811,koi_fpflag_ss,-0.2739092581933821,1.0,koi_fpflag_co,-0.1603829736650788,1.0,koi_score,-0.07329161011584517,0.0,koi_impact,-0.043380768590082254,1.222,koi_prad,-0.036254451796053466,19.78
136,koi_fpflag_ss,-0.5931102543344996,1.0,koi_fpflag_co,0.029167706740199965,0.0,koi_score,-0.028439382664441765,0.0,koi_impact,-0.01738817022324999,1.276,koi_fpflag_nt,0.009800892576178085,0.0
373,koi_fpflag_nt,-0.5283795311358067,1.0,koi_score,-0.12460761782834916,,koi_fpflag_ss,0.09994285423709046,0.0,koi_insol,-0.07183614265974776,5563.95,koi_impact,0.06264250202540649,0.0303
271,koi_fpflag_ss,-0.26902666718074625,1.0,koi_fpflag_co,-0.1896753921519733,1.0,koi_fpflag_ec,-0.04336331366284397,1.0,koi_impact,-0.03148046622647166,1.252,koi_period,-0.028275639896844836,3.044770796
116,koi_fpflag_ss,0.22284051474863278,0.0,koi_fpflag_co,0.07460266002282807,0.0,koi_score,0.0368802085410489,1.0,koi_fpflag_nt,0.01709236536533958,0.0,koi_prad,0.010113730876813224,2.1
609,koi_fpflag_ss,-0.455316852908683,1.0,koi_score,-0.16311255312109924,0.875,koi_impact,-0.09575447541873916,0.512,koi_time0bk,0.06513123883451342,120.5659254,koi_prad,-0.0453981028430745,21.42
788,koi_fpflag_co,-0.20882120899320394,1.0,koi_fpflag_ss,-0.2029339531935586,1.0,koi_score,-0.09930814961096641,0.0,koi_period,-0.03740616006307832,0.52205862,koi_prad,-0.03438856929206065,27.16
164,koi_fpflag_ss,0.16804981109944914,0.0,koi_score,0.06712519994127933,1.0,koi_fpflag_co,0.054223983282719594,0.0,koi_impact,0.034944021684018736,0.029,koi_fpflag_nt,0.014929772163516264,0.0
571,koi_fpflag_co,-0.5683143399041518,1.0,koi_score,-0.10268035866491275,0.0,koi_fpflag_ss,0.0959211510139024,0.0,koi_prad,-0.03288377940696421,37.99,koi_impact,-0.027236765194810685,1.151
985,koi_fpflag_co,-0.4994729308724814,1.0,koi_score,-0.09554772596044003,0.0,koi_fpflag_ss,0.08552386369820907,0.0,koi_impact,-0.0635790523868069,0.979,koi_period,-0.024939523800720117,1.031096352
402,koi_fpflag_ss,-0.37247846261650225,1.0,koi_fpflag_co,-0.19542810286389206,1.0,koi_score,-0.042308486812348764,0.0,koi_prad,-0.018270446234453987,40.15,koi_impact,-0.01717448542498187,1.274
190,koi_fpflag_ss,0.20220776747714317,0.0,koi_fpflag_co,0.07067920769281509,0.0,koi_score,0.05347361864972871,1.0,koi_fpflag_nt,0.017996840374783107,0.0,koi_prad,0.011182849034772005,1.86
602,koi_score,-0.29529662257623995,,koi_impact,-0.16197674812320548,1.2313,koi_insol,-0.144699080370106,9374.09,koi_fpflag_ss,0.09313080164268688,0.0,koi_time0bk,-0.07868169245316343,133.212225
856,koi_fpflag_ss,0.1177581071139514,0.0,koi_fpflag_co,0.0673903989156706,0.0,koi_time0bk,0.06460330799244245,132.44282,koi_score,0.062221385321863755,1.0,koi_fpflag_nt,0.01926415735724141,0.0
547,koi_fpflag_ss,-0.5196406944855264,1.0,koi_score,-0.07517534180069581,0.0,koi_impact,-0.04343649007954937,1.199,koi_fpflag_co,0.027280576287750668,0.0,koi_period,-0.026185943148486105,0.51872711
207,koi_fpflag_ss,-0.27049235943692496,1.0,koi_fpflag_co,-0.24087107171362235,1.0,koi_score,-0.054808450315844845,0.0,koi_fpflag_ec,-0.031752135685488354,1.0,koi_impact,-0.015666006090666026,1.223
411,koi_fpflag_ss,0.13755289890105754,0.0,koi_fpflag_co,0.0774969440202481,0.0,koi_score,0.061940615974016296,1.0,koi_impact,0.03442403591883092,0.022,koi_fpflag_nt,0.017709169045011075,0.0
22,koi_fpflag_ss,0.2291607834579937,0.0,koi_fpflag_co,0.09545804593956989,0.0,koi_fpflag_nt,0.01949062776547019,0.0,koi_insol,0.00787365776782048,253.15,koi_impact,0.007607998851470387,0.226
937,koi_fpflag_ss,-0.4951500887420228,1.0,koi_score,-0.1113414890911317,0.285,koi_insol,0.05235944580624568,1481.76,koi_prad,-0.03730974652952436,52.51,koi_impact,-0.03566204598307526,1.3
998,koi_fpflag_ss,0.13851780108741535,0.0,koi_score,0.09137125028340112,1.0,koi_fpflag_co,0.06279798559233904,0.0,koi_impact,0.035755926825887956,0.067,koi_fpflag_nt,0.015637182920179887,0.0
80,koi_fpflag_ss,-0.22150563020930236,1.0,koi_fpflag_co,-0.18519233797725126,1.0,koi_score,-0.17534353779471945,0.0,koi_prad,-0.027715440594459174,28.59,koi_impact,-0.02671034279777079,1.215
590,koi_fpflag_ss,0.22669369807453027,0.0,koi_fpflag_co,0.09285908383955269,0.0,koi_fpflag_nt,0.019290082063670732,0.0,koi_score,0.008511467004069961,0.996,koi_impact,0.007431698786364714,0.162
46,koi_fpflag_ss,-0.2759437348714527,1.0,koi_fpflag_co,-0.20524479435771203,1.0,koi_score,-0.11570250454786916,0.0,koi_impact,-0.014692782865749671,0.812,koi_duration,-0.013541792541629774,14.561
257,koi_fpflag_co,-0.5301449796724512,1.0,koi_score,-0.1735511673745444,0.0,koi_fpflag_ss,0.09842023473836993,0.0,koi_impact,-0.015658472628325475,0.949,koi_time0bk,0.012576760489407122,172.697467
445,koi_fpflag_ss,-0.371821162482469,1.0,koi_score,-0.16276488045331197,0.557,koi_impact,-0.07713762767402968,1.222,koi_prad,-0.04540219843698262,67.35,koi_model_snr,-0.03169686681320098,717.4
50,koi_fpflag_ss,0.2177213322535945,0.0,koi_fpflag_co,0.05240158260406737,0.0,koi_score,0.04388009834169772,1.0,koi_fpflag_nt,0.01822265059379329,0.0,koi_kepmag,0.008531149642099908,15.234
650,koi_fpflag_ss,0.22844813545368917,0.0,koi_fpflag_co,0.096271889221347,0.0,koi_fpflag_nt,0.021244396828732758,0.0,koi_score,0.00861414407600453,0.994,koi_insol,0.00704495358610976,198.67
130,koi_fpflag_ss,0.22787090812720615,0.0,koi_fpflag_co,0.07377138853899401,0.0,koi_score,0.03887734405980674,1.0,koi_fpflag_nt,0.01593844718161278,0.0,koi_prad,0.006336431977153374,8.99
799,koi_fpflag_ss,-0.26288155803233587,1.0,koi_fpflag_co,-0.23777957238260158,1.0,koi_score,-0.1374769169045665,0.0,koi_impact,-0.03550525640426872,0.985,koi_insol,0.02370371288436998,958.55
381,koi_fpflag_ss,0.1715563452611139,0.0,koi_fpflag_co,0.07117380033738671,0.0,koi_impact,0.036590184751992584,0.061,koi_score,0.02724623755769376,0.931,koi_fpflag_nt,0.017348806089012625,0.0
358,koi_fpflag_ss,0.1395948482791076,0.0,koi_fpflag_co,0.08812239097245526,0.0,koi_score,0.04079787303922782,0.993,koi_time0bk,0.037362488291784755,131.83272,koi_impact,0.035638524814261795,0.136
243,koi_fpflag_ss,0.22297028240761324,0.0,koi_fpflag_co,0.053969106160181766,0.0,koi_score,0.05039104870570475,1.0,koi_fpflag_nt,0.016909037107016738,0.0,koi_prad,0.008712846218614996,2.25
153,koi_fpflag_ss,0.2231874429557874,0.0,koi_fpflag_co,0.0573284317315625,0.0,koi_score,0.0389501211347935,1.0,koi_fpflag_nt,0.014938314085739899,0.0,koi_prad,0.009647253131177924,3.01
482,koi_fpflag_ss,0.21034471187102927,0.0,koi_fpflag_co,0.06653442622627237,0.0,koi_score,0.05124901229692707,1.0,koi_prad,0.01595058643760478,2.18,koi_impact,0.012503093682048423,0.43
905,koi_fpflag_ss,0.2159890845255346,0.0,koi_fpflag_co,0.08220012476481937,0.0,koi_score,0.044535769332221475,1.0,koi_fpflag_nt,0.019600628982751844,0.0,koi_prad,0.009319954705774795,2.6
429,koi_fpflag_ss,0.20489062543196548,0.0,koi_score,0.05696403858237017,1.0,koi_fpflag_co,0.045465893471442684,0.0,koi_fpflag_nt,0.01910274029840164,0.0,koi_impact,0.01315843990596166,0.346
796,koi_fpflag_ss,-0.5522042808268309,1.0,koi_score,-0.06978717250272899,0.005,koi_fpflag_co,0.030340195784731218,0.0,koi_impact,-0.029165925859552327,0.683,koi_prad,-0.018155246738204466,28.41
599,koi_fpflag_ss,0.2314817581456472,0.0,koi_fpflag_co,0.06030770087663928,0.0,koi_score,0.04066189097728538,1.0,koi_fpflag_nt,0.018073740874446704,0.0,koi_period,0.006574141491374982,12.21828097
757,koi_fpflag_ss,0.16326239107630822,0.0,koi_score,0.06712135759723617,1.0,koi_fpflag_co,0.05975589271739044,0.0,koi_prad,0.014609732094368983,1.9,koi_impact,0.014110112691408657,0.259
902,koi_fpflag_ss,0.1564611159261672,0.0,koi_fpflag_co,0.08204704920205057,0.0,koi_score,0.05322024548871842,0.999,koi_impact,0.04008185302039913,0.073,koi_prad,0.016087076720285386,1.26
90,koi_fpflag_ss,0.19600030295357254,0.0,koi_score,0.07055610571045516,0.999,koi_fpflag_co,0.05921551112282026,0.0,koi_fpflag_nt,0.016186154958615053,0.0,koi_prad,0.007838258100974613,2.32
808,koi_fpflag_ss,-0.24603083371402623,1.0,koi_fpflag_co,-0.21351775744145804,1.0,koi_score,-0.06680675995696604,0.0,koi_prad,-0.04536775606481014,31.77,koi_period,-0.03700276359377521,0.655001616
741,koi_fpflag_ss,0.22939437219746509,0.0,koi_fpflag_co,0.09533878373648373,0.0,koi_fpflag_nt,0.019753567502344825,0.0,koi_insol,0.009930155109084658,5.94,koi_score,0.005915591540944486,0.436
360,koi_fpflag_nt,-0.5142490406470303,1.0,koi_score,-0.11358852252410144,,koi_fpflag_ss,0.09633448503044333,0.0,koi_time0bk,-0.03185655741901656,134.7775984,koi_impact,-0.024415745940420112,
980,koi_fpflag_co,-0.4900236054393457,1.0,koi_score,-0.23609130847892326,0.0,koi_fpflag_ss,0.101735681063676,0.0,koi_fpflag_ec,-0.05307275709628146,1.0,koi_period,0.01775364117196305,22.34293693
274,koi_fpflag_ss,-0.36573898013405154,1.0,koi_model_snr,-0.13429106136802813,1077.8,koi_impact,0.12200591802288487,0.003,koi_duration,0.061870987273083364,5.04169,koi_score,-0.05758349475158752,0.92
275,koi_fpflag_ss,-0.5438405399668202,1.0,koi_score,-0.05372505674920908,0.0,koi_prad,-0.03230202702801957,27.22,koi_fpflag_co,0.029700015757020814,0.0,koi_time0bk,-0.014127941583849366,194.713383
687,koi_fpflag_ss,0.2183132705729858,0.0,koi_fpflag_co,0.06917055178090781,0.0,koi_score,0.03877314914957718,1.0,koi_fpflag_nt,0.02109587412923807,0.0,koi_prad,0.010219662725769194,2.18
335,koi_fpflag_co,-0.526198932096727,1.0,koi_score,-0.1302512225345086,0.0,koi_fpflag_ss,0.09763212785809776,0.0,koi_time0bk,-0.05448392423539845,133.30941,koi_insol,-0.018563411827985404,3518.78
267,koi_fpflag_co,-0.5307651686801679,1.0,koi_fpflag_ss,0.0912340405151578,0.0,koi_score,-0.08922218024833536,0.0,koi_impact,-0.045152041451592316,9.303,koi_fpflag_ec,-0.03173877238132912,1.0
549,koi_fpflag_ss,0.16163477434434428,0.0,koi_fpflag_co,0.06955177747134815,0.0,koi_score,0.05548206031954561,1.0,koi_impact,0.027005078930274363,0.011,koi_fpflag_nt,0.01847694418836762,0.0
161,koi_fpflag_ss,0.23075842121994544,0.0,koi_fpflag_co,0.08359887016186406,0.0,koi_fpflag_nt,0.017642836126040805,0.0,koi_insol,0.0079825100000475,9.88,koi_kepmag,0.00608141816641821,15.201
655,koi_fpflag_ss,0.1975608927343458,0.0,koi_fpflag_co,0.058780055632525634,0.0,koi_score,0.046555808227293285,1.0,koi_prad,0.016604652015402288,0.66,koi_fpflag_nt,0.01615386688637584,0.0
138,koi_fpflag_ss,0.1893767869864354,0.0,koi_fpflag_co,0.09227942886429151,0.0,koi_impact,0.031029429020034388,0.014,koi_fpflag_nt,0.015472125237848041,0.0,koi_score,0.011254998335203563,0.996
529,koi_fpflag_ss,0.22326441795898513,0.0,koi_fpflag_co,0.09300815979543177,0.0,koi_fpflag_ec,-0.020618937316814974,1.0,koi_fpflag_nt,0.018422347619110293,0.0,koi_duration,0.018226938299872864,0.926
991,koi_fpflag_ss,0.19065588176053708,0.0,koi_fpflag_co,0.06013643283290641,0.0,koi_score,0.05400563690391142,0.999,koi_impact,0.03365253940025787,0.025,koi_fpflag_nt,0.01569278311644767,0.0
342,koi_fpflag_ss,0.22280233434528487,0.0,koi_fpflag_co,0.0703539970035729,0.0,koi_period,0.020679108135424087,129995.7784,koi_time0bk,0.02025506140066432,393.59962,koi_fpflag_nt,0.019699542438208383,0.0
621,koi_fpflag_ss,0.21589802001705993,0.0,koi_fpflag_co,0.0811849452204618,0.0,koi_impact,0.0452121613203048,0.251,koi_score,-0.03459492584622596,0.997,koi_insol,0.022877886822709737,9.61
829,koi_fpflag_ss,0.1281314120996167,0.0,koi_score,0.09379465155977289,1.0,koi_fpflag_co,0.06451526926629363,0.0,koi_impact,0.02770245853500435,0.03,koi_fpflag_nt,0.01660824785333099,0.0
156,koi_fpflag_ss,0.20688871402342962,0.0,koi_score,0.05772301813416626,0.999,koi_fpflag_co,0.04194417837210905,0.0,koi_fpflag_nt,0.018758913205939066,0.0,koi_impact,0.01314417281708215,0.26
530,koi_fpflag_ss,0.17939774712534304,0.0,koi_score,-0.1327084613376362,,koi_time0bk,-0.08996487474399226,133.009227,koi_fpflag_co,0.07467394980460858,0.0,koi_kepmag,-0.037681486779347004,13.113
600,koi_fpflag_ss,-0.3286803172137821,1.0,koi_fpflag_co,-0.28356942940303936,1.0,koi_score,-0.011451147354665347,0.0,koi_impact,-0.010856828365689925,1.284,koi_prad,-0.010038504838758533,72.52
8,koi_fpflag_ss,-0.2505073988810337,1.0,koi_fpflag_co,-0.24477379190138288,1.0,koi_score,-0.09757579101461669,0.0,koi_impact,-0.033954943092013065,1.169,koi_prad,-0.03313633332787542,39.21
294,koi_fpflag_ss,0.13598606638590668,0.0,koi_score,0.0864168802565879,1.0,koi_fpflag_co,0.06856915805231187,0.0,koi_time0bk,0.030248233546939948,131.55082,koi_fpflag_nt,0.014320947808056114,0.0
125,koi_fpflag_ss,0.1543940664775068,0.0,koi_score,0.06638083889594078,1.0,koi_fpflag_co,0.05378722631603395,0.0,koi_impact,0.04894167070556502,0.047,koi_fpflag_nt,0.015621447032353642,0.0
221,koi_fpflag_ss,0.2043179401955301,0.0,koi_fpflag_co,0.06871092109346132,0.0,koi_score,0.04726376834106137,1.0,koi_fpflag_nt,0.01448946459625698,0.0,koi_impact,0.01272442126182576,0.192
408,koi_fpflag_ss,0.15331342019804353,0.0,koi_score,0.06683357235453181,1.0,koi_fpflag_co,0.05945307488479512,0.0,koi_impact,0.03910956967556319,0.063,koi_prad,0.019790762675335284,2.01
823,koi_fpflag_ss,-0.5019665510520664,1.0,koi_score,-0.11865900700206297,0.0,koi_prad,-0.03506663374192672,48.79,koi_impact,-0.03439437999738306,1.111,koi_fpflag_co,0.02762496912717412,0.0
716,koi_fpflag_ss,0.16464750013834265,0.0,koi_score,0.08032103778963615,1.0,koi_fpflag_co,0.06853837320826235,0.0,koi_impact,0.019310781698105767,0.033,koi_fpflag_nt,0.012127269212033541,0.0
754,koi_fpflag_co,-0.4511478188001945,1.0,koi_fpflag_ss,0.07839860099165105,0.0,koi_insol,-0.07122087140578567,3948.43,koi_score,-0.05638702515100296,0.0,koi_fpflag_ec,-0.05416848110172653,1.0
505,koi_fpflag_ss,0.19013788466074527,0.0,koi_score,0.06442391124849882,1.0,koi_fpflag_co,0.063927591953035,0.0,koi_impact,0.017753164821831376,0.009,koi_fpflag_nt,0.01750591661433796,0.0
730,koi_fpflag_ss,0.17192849450711914,0.0,koi_score,0.07444942958294173,1.0,koi_fpflag_co,0.0539042265347157,0.0,koi_impact,0.019975246275327336,0.324,koi_fpflag_nt,0.01912299470880746,0.0
311,koi_fpflag_ss,0.22246862750656432,0.0,koi_fpflag_co,0.09314699060723548,0.0,koi_fpflag_nt,0.018316970103879334,0.0,koi_time0bk,0.01263763299072063,132.63866,koi_score,0.008135274250932504,0.949
967,koi_fpflag_ss,-0.450282611538624,1.0,koi_score,-0.16940038746472408,0.565,koi_impact,-0.06730846443601037,0.664,koi_prad,-0.03484221387302091,21.65,koi_fpflag_co,0.032560407503787865,0.0
691,koi_fpflag_ss,0.2171925553074889,0.0,koi_fpflag_co,0.06007177699230115,0.0,koi_score,0.044230202340483374,1.0,koi_fpflag_nt,0.017066306893563647,0.0,koi_prad,0.01094387272391081,2.11
304,koi_fpflag_ss,0.23056429023747496,0.0,koi_fpflag_co,0.08175668503864297,0.0,koi_fpflag_nt,0.01524479624860865,0.0,koi_period,0.007367851317909279,9.61731426,koi_impact,0.007345017205259811,0.331
659,koi_fpflag_co,-0.33021883155028503,1.0,koi_fpflag_ss,-0.19616999198308524,1.0,koi_score,-0.05264907006108249,0.0,koi_impact,-0.023302762051498106,1.266,koi_prad,-0.011907995201664868,33.01
226,koi_fpflag_ss,0.14114707968413276,0.0,koi_score,0.07225493325051703,0.999,koi_fpflag_co,0.06347861220622887,0.0,koi_impact,0.04743670586998574,0.069,koi_prad,0.015618990608923383,10.51
69,koi_fpflag_ss,0.2227986742997564,0.0,koi_fpflag_co,0.062035200802977815,0.0,koi_score,0.04741441040115516,1.0,koi_fpflag_nt,0.017908772248749222,0.0,koi_fpflag_ec,0.007652949226566111,0.0
603,koi_fpflag_co,-0.4386438746935469,1.0,koi_fpflag_ss,0.0694202709932921,0.0,koi_time0bk,-0.04871282463048673,133.388153,koi_score,-0.04387301332514521,0.0,koi_insol,-0.0438393221375694,28084.15
471,koi_fpflag_ss,0.20391342790336547,0.0,koi_fpflag_co,0.07750907406644483,0.0,koi_score,0.036669289543299226,1.0,koi_fpflag_nt,0.020697331623316124,0.0,koi_prad,0.01158700053845874,1.48
370,koi_fpflag_nt,-0.6175185344731859,1.0,koi_score,-0.10838639815240526,0.0,koi_fpflag_ss,0.10712591407774119,0.0,koi_fpflag_co,0.041032160047983594,0.0,koi_prad,-0.03126181422849931,71.39
123,koi_fpflag_ss,0.18843604130625666,0.0,koi_score,-0.1391871156243849,,koi_time0bk,0.08162762112027884,170.228582,koi_fpflag_co,0.07726408527608701,0.0,koi_impact,-0.07468335387875287,1.5734
760,koi_fpflag_ss,0.23114106793331218,0.0,koi_fpflag_co,0.09799756462522978,0.0,koi_fpflag_nt,0.02039160445914232,0.0,koi_impact,0.005251456589269989,0.0,koi_insol,0.004199143612139161,7.28
891,koi_fpflag_ss,0.22266733634058292,0.0,koi_fpflag_co,0.05850658769358552,0.0,koi_score,0.02902778597098463,1.0,koi_fpflag_nt,0.01942786571891689,0.0,koi_period,0.017423805468112445,17.32419108
601,koi_fpflag_ss,-0.5730317447436242,1.0,koi_score,-0.05741866679162761,0.0,koi_fpflag_co,0.028778483690248123,0.0,koi_impact,-0.02592859693008203,0.74,koi_fpflag_ec,-0.018970599173033075,1.0
860,koi_fpflag_ss,0.22532610359746424,0.0,koi_fpflag_co,0.08346668251573883,0.0,koi_score,0.028964985045378856,1.0,koi_fpflag_nt,0.0203209367938753,0.0,koi_prad,0.005723030181419128,3.7
881,koi_fpflag_ss,0.22176145556272917,0.0,koi_fpflag_co,0.06061457963643502,0.0,koi_score,0.04243695428165802,1.0,koi_fpflag_nt,0.017357835381603404,0.0,koi_prad,0.00733391319011757,3.0
712,koi_fpflag_ss,0.14795448566663222,0.0,koi_score,0.09273577497625005,0.999,koi_fpflag_co,0.05161210844983357,0.0,koi_impact,0.03153574571825463,0.043,koi_fpflag_nt,0.018605427538149918,0.0
930,koi_fpflag_ss,0.14768677298773722,0.0,koi_score,0.07620589869657986,0.999,koi_fpflag_co,0.0565782889039058,0.0,koi_time0bk,0.025633493589911717,132.28787,koi_period,0.01898729677133971,21.5262958
297,koi_fpflag_ss,-0.2684579325870443,1.0,koi_fpflag_co,-0.23371440836158044,1.0,koi_score,-0.06730681151059023,0.0,koi_prad,-0.024752844355567627,23.88,koi_impact,-0.01995307355305184,1.234
112,koi_fpflag_ss,0.22870805403248595,0.0,koi_fpflag_co,0.06786904691066645,0.0,koi_score,0.03912597918703412,1.0,koi_fpflag_nt,0.017725893503288674,0.0,koi_period,0.006084971755141381,34.84398644
820,koi_fpflag_ss,0.17069172613548758,0.0,koi_score,0.0727077804746271,0.998,koi_fpflag_co,0.049629799840808016,0.0,koi_prad,0.020527490381444465,1.61,koi_fpflag_nt,0.01702875054678574,0.0
771,koi_fpflag_co,-0.5035473632736684,1.0,koi_score,-0.17669801800620835,0.0,koi_fpflag_ss,0.0976310562300716,0.0,koi_prad,-0.04487008548858434,49.96,koi_impact,-0.035814104833709434,1.199
774,koi_fpflag_co,-0.47781194751209377,1.0,koi_score,-0.2495478279885967,0.49,koi_fpflag_ss,0.09694440669457319,0.0,koi_time0bk,-0.02667478886557642,133.35614,koi_period,0.017686766257436422,19.30112039
313,koi_fpflag_ss,0.18154604403615818,0.0,koi_fpflag_co,0.06531771224144609,0.0,koi_score,0.05182536386319657,1.0,koi_fpflag_nt,0.016327699873590864,0.0,koi_duration,0.012308267591279759,5.073
764,koi_fpflag_co,-0.25199262238926995,1.0,koi_fpflag_ss,-0.23415663764206837,1.0,koi_score,-0.06829253126578415,0.0,koi_impact,-0.048403140867458574,1.226,koi_fpflag_ec,-0.01294754634488591,1.0
5,koi_fpflag_ss,0.21267861235253813,0.0,koi_fpflag_co,0.07153711340683874,0.0,koi_score,0.03449006498637613,1.0,koi_fpflag_nt,0.019289114937128638,0.0,koi_duration,0.011139594612255114,4.5945
194,koi_fpflag_ss,0.17080336135870694,0.0,koi_fpflag_co,0.0578337808026615,0.0,koi_score,0.05705944780474026,1.0,koi_impact,0.04012705114904515,0.008,koi_fpflag_nt,0.01747162469195502,0.0
487,koi_fpflag_ss,0.18913884084951163,0.0,koi_score,0.06044894043527888,1.0,koi_fpflag_co,0.05226273683176354,0.0,koi_fpflag_nt,0.019798760962855832,0.0,koi_prad,0.01848598077174007,2.98
239,koi_fpflag_ss,0.15313408995038016,0.0,koi_score,0.08501091920870084,1.0,koi_fpflag_co,0.05408014502410041,0.0,koi_impact,0.01750715676554732,0.437,koi_fpflag_nt,0.014426290514254357,0.0
399,koi_fpflag_co,-0.2775182251544932,1.0,koi_fpflag_ss,-0.26432981653915083,1.0,koi_score,-0.03826752043539601,0.0,koi_impact,-0.025395261322614892,1.246,koi_prad,-0.02473313972687752,38.6
540,koi_fpflag_ss,0.1606024800919696,0.0,koi_score,0.07377473571383934,1.0,koi_fpflag_co,0.06151187882595784,0.0,koi_impact,0.03637227688181245,0.021,koi_prad,0.017556226980460336,2.31
577,koi_fpflag_ss,0.1485194499303467,0.0,koi_score,0.07157659116193782,1.0,koi_fpflag_co,0.06905025633691585,0.0,koi_impact,0.02519243783031481,0.004,koi_fpflag_nt,0.016019086286386312,0.0
939,koi_fpflag_ss,0.22478228511960946,0.0,koi_fpflag_co,0.09458862011506808,0.0,koi_insol,0.020536813660377268,167.54,koi_fpflag_nt,0.019577776345648185,0.0,koi_fpflag_ec,-0.015334178237890192,1.0
826,koi_fpflag_ss,-0.27123687555415366,1.0,koi_impact,0.21003895531021513,0.079,koi_insol,0.15496834349091124,1077.69,koi_time0bk,0.13726759038561687,134.110364,koi_prad,-0.06191083846058514,24.39
789,koi_fpflag_ss,0.14355064917692317,0.0,koi_fpflag_co,0.0764407147817988,0.0,koi_impact,0.058326144268596315,0.079,koi_score,0.051384570143240715,1.0,koi_fpflag_nt,0.016751914354720433,0.0
406,koi_fpflag_ss,0.22173550201799366,0.0,koi_fpflag_co,0.09096176471068514,0.0,koi_impact,0.035456076432578386,0.04,koi_fpflag_nt,0.019425377625346924,0.0,koi_fpflag_ec,-0.018822048879806836,1.0
565,koi_fpflag_ss,0.22678947034171942,0.0,koi_fpflag_co,0.092695403688408,0.0,koi_fpflag_nt,0.019947054997057043,0.0,koi_impact,0.015236679951614667,0.001,koi_score,0.00847160364325218,0.993
137,koi_fpflag_ss,0.1749702080584631,0.0,koi_fpflag_co,0.05982113719095856,0.0,koi_score,0.05486794212267173,0.999,koi_impact,0.02619960736942031,0.008,koi_prad,0.014193705737766108,7.89
819,koi_fpflag_ss,-0.5491616501831217,1.0,koi_impact,-0.04440483248783683,1.137,koi_prad,-0.041136216204868646,51.74,koi_score,-0.03990347188018108,0.0,koi_fpflag_co,0.030156080826167487,0.0
